Rank,Name,Gender
3,Aitana Bonmatí,Female
6,Alexia Putellas,Female
8,Caroline Graham Hansen,Female
10,Sam Kerr,Female
14,Sophia Smith,Female
17,Ada Hegerberg,Female
19,Mapi León,Female
24,Marie Katoto,Female
26,Debinha,Female
27,Kadidiatou Diani,Female
31,Patri Guijarro,Female
35,Beth Mead,Female
36,Wendie Renard,Female
37,Guro Reiten,Female
39,Irene Paredes,Female
41,Christiane Endler,Female
48,Alexandra Popp,Female
51,Sakina Karchaoui,Female
54,Mallory Swanson,Female
58,Rose Lavelle,Female
59,Alex Morgan,Female
64,Ewa Pajor,Female
71,Khadija Shaw,Female
75,Fridolina Rolfö,Female
78,Selma Bacha,Female
80,Lauren Hemp,Female
82,Mary Earps,Female
84,Lauren James,Female
85,Lena Oberdorf,Female
88,Grace Geyoro,Female
93,Chloe Kelly,Female
95,Lindsey Horan,Female
96,Lea Schüller,Female
98,Jill Roord,Female
99,Kim Little,Female
101,Ona Batlle,Female
101,Millie Bright,Female
101,Lucy Bronze,Female
101,Rachel Daly,Female
101,Caitlin Foord,Female
101,Merle Frohms,Female
101,Cristiana Girelli,Female
101,Kathrin Hendrich,Female
101,Svenja Huth,Female
101,Ashley Lawrence,Female
101,Eugénie Le Sommer,Female
101,Clara Mateo,Female
101,Katie McCabe,Female
101,Vivianne Miedema,Female
101,Chiamaka Nnadozie,Female
101,Asisat Oshoala,Female
101,Alessia Russo,Female
101,Becky Sauerbrunn,Female
101,Kailen Sheridan,Female
101,Keira Walsh,Female
101,Leah Williamson,Female
149,Sandy Baltimore,Female
149,Ann-Katrin Berger,Female
149,Hannah Blundell,Female
149,Lisa Boattin,Female
149,Kadeisha Buchanan,Female
149,Mariona,Female
149,Jane Campbell,Female
149,Catarina Macario,Female
149,Arianna Caruso,Female
149,Tabitha Chawinga,Female
149,Sara Däbritz,Female
149,Linda Dallmann,Female
149,Sara Doorsoun,Female
149,Crystal Dunn,Female
149,Ingrid Syrstad Engen,Female
149,Manuela Giugliano,Female
149,Alex Greenwood,Female
149,Pernille Harder,Female
149,Yui Hasegawa,Female
149,Amandine Henry,Female
149,Amanda Ilestedt,Female
149,Dominique Janssen,Female
149,Fran Kirby,Female
149,Amel Majri,Female
149,Griedge Mbock,Female
149,Lara Prašnikar,Female
149,Alba Redondo,Female
149,Trinity Rodman,Female
149,Georgia Stanway,Female
149,Ella Toone,Female
149,Marta,Female
149,Glódís Perla Viggósdóttir,Female
149,Caroline Weir,Female
149,Manuela Zinsberger,Female
222,Rasheedat Ajibade,Female
222,Lineth Beerensteyn,Female
222,Mathilde Bourdieu,Female
222,Klara Bühl,Female
222,Olga Carmona,Female
222,Ellie Carpenter,Female
222,Steph Catley,Female
222,Cata Coll,Female
222,Erin Cuthbert,Female
222,Melchie Dumornay,Female
222,Damaris Egurrola,Female
222,Magdalena Eriksson,Female
222,Jess Fishlock,Female
222,Laura Freigang,Female
222,Leah Galton,Female
222,Vanessa Gilles,Female
222,Giulia Gwinn,Female
222,Aubrey Kingsbury,Female
222,Saki Kumagai,Female
222,Racheal Kundananji,Female
222,Elena Linari,Female
222,Lieke Martens van Leer,Female
222,Alyssa Naeher,Female
222,Yuki Nagasato,Female
222,Katharina Naschenweng,Female
222,Ashleigh Neville,Female
222,Constance Picaud,Female
222,Claudia Pina,Female
222,Mayra Ramírez,Female
222,Ashley Sanchez,Female
222,Ouleymata Sarr,Female
222,Almuth Schult,Female
222,Christine Sinclair,Female
222,Sherida Spitse,Female
222,Hina Sugita,Female
222,Gaëtane Thiney,Female
222,Lia Wälti,Female
222,Lynn Williams,Female
322,Ramona Bachmann,Female
322,Luana,Female
322,Bella Bixby,Female
322,Stina Blackstenius,Female
322,Barbara Bonansea,Female
322,Annaïg Butel,Female
322,Rafaelle,Female
322,Daphne Corboz,Female
322,Antônia Silva,Female
322,Kenza Dali,Female
322,Athenea,Female
322,Vanessa DiBernardo,Female
322,Bethany England,Female
322,Paula Fernández,Female
322,Adrianna Franch,Female
322,Gabriela García,Female
322,Valentina Giacinti,Female
322,Théa Gréboval,Female
322,Giada Greggi,Female
322,Emilie Haavi,Female
322,Chantal Hagel,Female
322,Ashley Hatch,Female
322,Marina Hegering,Female
322,Sofia Huerta,Female
322,Ji So Yun,Female
322,Sveindís Jane Jónsdóttir,Female
322,Meghan Klingenberg,Female
322,Sydney Lohmann,Female
322,Frida Maanum,Female
322,Hailie Mace,Female
322,Melvine Malard,Female
322,Janina Minge,Female
322,Casey Murphy,Female
322,Leila Ouahabi,Female
322,Nikita Parris,Female
322,Tanja Pawollek,Female
322,Ève Périsset,Female
322,Pauline Peyraud-Magnin,Female
322,Felicitas Rauch,Female
322,Misa,Female
322,Cecilia Salvai,Female
322,Sophie Schmidt,Female
322,Olivia Schough,Female
322,Desiree Scott,Female
322,Tabea Sellner,Female
322,Emily Sonnett,Female
322,Ángela Sosa,Female
322,Daniëlle van de Donk,Female
322,Emily van Egmond,Female
322,Manuela Vanegas,Female
458,Nicole Anyomi,Female
458,Viviane Asseyi,Female
458,Leire Baños,Female
458,Lauren Barnes,Female
458,Jule Brand,Female
458,Niamh Charles,Female
458,Danielle Colaprico,Female
458,Geyse,Female
458,Elisa De Almeida,Female
458,Océane Deslandes,Female
458,Paulina Dudek,Female
458,Julie Dufour,Female
458,Nerea Eizagirre,Female
458,Abby Erceg,Female
458,Emily Fox,Female
458,Naomi Girma,Female
458,Esther,Female
458,Rachel Hill,Female
458,Sofia Jakobsson,Female
458,Synne Jensen,Female
458,Ewelina Kamczyk,Female
458,Hasret Kayikci,Female
458,Lo'eau LaBonta,Female
458,Maya Le Tissier,Female
458,Alisha Lehmann,Female
458,Sydney Leroux,Female
458,Melanie Leupolz,Female
458,Dzsenifer Marozsán,Female
458,Carmen Menayo,Female
458,Tatumn Milazzo,Female
458,Jordan Nobbs,Female
458,Gabi Nunes,Female
458,Sjoeke Nüsken,Female
458,Mayumi Pacheco,Female
458,Christen Press,Female
458,Martina Rosucci,Female
458,Amaiur Sarriegi,Female
458,Caroline Seger,Female
458,Linda Sembrant,Female
458,Carolin Simon,Female
458,Andi Sullivan,Female
458,Sandie Toletti,Female
458,Évelyne Viens,Female
458,Lotte Wubben-Moy,Female
458,Bia Zaneratto,Female
577,Tere Abelleira,Female
577,Karen Araya,Female
577,Ane Azkona,Female
577,Charlotte Bilbault,Female
577,Nicole Billa,Female
577,Kessya Bussy,Female
577,Viola Calligaris,Female
577,Deyna Castellanos,Female
577,Rachel Corboz,Female
577,Marine Dafeur,Female
577,Abby Dahlkemper,Female
577,Tierna Davidson,Female
577,Barbara Dunst,Female
577,Jun Endo,Female
577,Laura Feiersinger,Female
577,Naomie Feller,Female
577,Tatiana Pinto,Female
577,Jessie Fleming,Female
577,Sanni Franssi,Female
577,Lola Gallardo,Female
577,Maëlle Garbino,Female
577,Hanna Glas,Female
577,Ana González,Female
577,Sheila,Female
577,Didi Haračić,Female
577,Oihane Hernández,Female
577,Sophie Ingle,Female
577,Kerolin Nicoli,Female
577,Lisa Karl,Female
577,Khiara Keating,Female
577,Sophia Kleinherne,Female
577,Rosemonde Kouassi,Female
577,Hayley Ladd,Female
577,Maëlle Lakrar,Female
577,Lena Lattwein,Female
577,Katie Lund,Female
577,Martín-Prieto,Female
577,Andrea Medina,Female
577,Erëleta Memeti,Female
577,Nuria Mendoza,Female
577,Kelley O'Hara,Female
577,Denise O'Sullivan,Female
577,Midge Purce,Female
577,Géraldine Reuteler,Female
577,Faustine Robert,Female
577,Elisa Senß,Female
577,Marta Torrejón,Female
577,Marion Torrent,Female
577,Ainhoa Moraza,Female
577,Sarah Zadrazil,Female
736,Sara Agrež,Female
736,Eseosa Aigbogun,Female
736,Iris Arnaiz,Female
736,Elizabeth Ball,Female
736,Estefanía Banini,Female
736,Molly Bartrip,Female
736,Vicki Becho,Female
736,Laura Benkarth,Female
736,Vilde Bøe Risa,Female
736,Signe Bruun,Female
736,Linda Caicedo,Female
736,Jelena Čanković,Female
736,Mylène Chavas,Female
736,Hawa Cissoko,Female
736,Sam Coffey,Female
736,Aldana Cometti,Female
736,Jovana Damnjanović,Female
736,Andreia Jacinto,Female
736,Tainara,Female
736,Kristin Demann,Female
736,Savannah DeMelo,Female
736,Lauren,Female
736,Meret Felde,Female
736,Jana Feldkamp,Female
736,Louise Fleury,Female
736,Rocío Gálvez,Female
736,Shei,Female
736,Gemma Gili,Female
736,Dominika Grabowska,Female
736,Jackie Groenen,Female
736,Maria-Luisa Grohs,Female
736,Shea Groom,Female
736,Isabella Hartig,Female
736,Oriane Jean-François,Female
736,Stina Johannes,Female
736,Alanna Kennedy,Female
736,Melissa Kössler,Female
736,Martina Lenzini,Female
736,Elene Lete,Female
736,Marie Levasseur,Female
736,Katie Lind,Female
736,Maitane,Female
736,Noëlle Maritz,Female
736,Sarah Mayling,Female
736,Kristen McNabb,Female
736,Maria Méndez,Female
736,Kristie Mewis,Female
736,Moeka Minami,Female
736,Caroline Møller,Female
736,Marie Müller,Female
736,Zećira Mušović,Female
736,Adriana Nanclares,Female
736,Kika Nazareth,Female
736,Ify Onumonu,Female
736,Maite Oroz,Female
736,Salma Paralluelo,Female
736,Jess Park,Female
736,Julie Pasquereau,Female
736,Toni Payne,Female
736,Lena Petermann,Female
736,Nichelle Prince,Female
736,Rocky Rodríguez,Female
736,Cinta Rodríguez,Female
736,María Sánchez,Female
736,Risa Shimizu,Female
736,Katja Snoeijs,Female
736,Sofie Svava,Female
736,Kateřina Svitková,Female
736,Paula Tomás,Female
736,Maddi Torre,Female
736,Phallon Tullis-Joyce,Female
736,Wang Shuang,Female
736,Morgan Weaver,Female
736,Arin Wright,Female
970,Laia Aleixandri,Female
970,Filippa Angeldahl,Female
970,Ana Vitória,Female
970,Sharon Beck,Female
970,Nathalie Björn,Female
970,Florencia Bonsegundo,Female
970,Pauline Bremer,Female
970,Dagný Brynjarsdóttir,Female
970,Laura Coombs,Female
970,Carole Costa,Female
970,Laura Domínguez,Female
970,Makenzy Doniak,Female
970,Caprice Dydasco,Female
970,Aida Esteve,Female
970,Laurina Fazer,Female
970,Taylor Flint,Female
970,Svenja Fölmli,Female
970,Inma Gabarro,Female
970,Morgan Gautrat,Female
970,Lee Gibson,Female
970,Katrina Gorry,Female
970,Hannah Hampton,Female
970,Kirsty Hanson,Female
970,Manon Heil,Female
970,Giovanna Hoffmann,Female
970,Lina Hurtig,Female
970,Katarzyna Kiedrzynek,Female
970,Lisa Kolb,Female
970,Paulina Krumbiegel,Female
970,Natalia Kuikka,Female
970,Jade Le Guilly,Female
970,Lee Geum Min,Female
970,Sarai Linder,Female
970,Anita Marcos,Female
970,Savannah McCaskill,Female
970,Eva Navarro,Female
970,Nerea Nevado,Female
970,Amanda Nildén,Female
970,Rosa Otermín,Female
970,Sonia Ouchene,Female
970,Victoria Pelova,Female
970,Itziar Pinillos,Female
970,Quinn,Female
970,Nuria Rábano,Female
970,Maximiliane Rall,Female
970,Ali Riley,Female
970,Lucía Rodríguez,Female
970,Ellie Roebuck,Female
970,Deanne Rose,Female
970,Yazmeen Ryan,Female
970,Camila Sáez,Female
970,Ebony Salmon,Female
970,Lisa Schmitz,Female
970,Sam Staab,Female
970,Kinga Szemik,Female
970,Martina Tufeković,Female
970,Millie Turner,Female
970,Karólína Lea Vilhjálmsdóttir,Female
970,Charlotte Voll,Female
970,Megan Walsh,Female
970,Joelle Wedemeyer,Female
970,Christen Westphal,Female
970,Shelina Zadorsky,Female
970,Weronika Zawistowska,Female
1218,Korbin Albert,Female
1218,Jone Amezaga,Female
1218,Barbra Banda,Female
1218,Hanna Bennison,Female
1218,Valentina Bergamaschi,Female
1218,Alejandra Bernabé,Female
1218,Rafaela Borggräfe,Female
1218,Esmee Brugts,Female
1218,Luana Bühler,Female
1218,Marta Cardona,Female
1218,Camelia Ceasar,Female
1218,Selina Cerci,Female
1218,Temwa Chawinga,Female
1218,Gia Corley,Female
1218,Rachel Corsie,Female
1218,Luany,Female
1218,Lucia Di Guglielmo,Female
1218,Marisa DiGrande,Female
1218,Fabienne Dongus,Female
1218,Lisa Evans,Female
1218,Mary Fowler,Female
1218,Aurora Galli,Female
1218,Nahikari,Female
1218,Benedetta Glionna,Female
1218,Érika González,Female
1218,Paola Hernández,Female
1218,Tiny Hoekstra,Female
1218,Olivia Holdt,Female
1218,Emma Holmgren,Female
1218,Kelli Hubly,Female
1218,Clare Hunt,Female
1218,Inès Jaurena,Female
1218,Elena Julve,Female
1218,Kristin Kögel,Female
1218,Casey Krueger,Female
1218,Mariana Larroquette,Female
1218,Claire Lavogez,Female
1218,Adriana Leon,Female
1218,Silvia Lloris,Female
1218,María Valenzuela,Female
1218,Vicky Losada,Female
1218,Batcheba Louis,Female
1218,Hanna Lundkvist,Female
1218,Ena Mahmutovic,Female
1218,Rosa Márquez,Female
1218,Shekiera Martinez,Female
1218,Merritt Mathias,Female
1218,Paige Nielsen,Female
1218,Aniek Nouwen,Female
1218,Diana Ordóñez,Female
1218,Laëtitia Philippe,Female
1218,Clara Pinedo,Female
1218,Sarah Puntigam,Female
1218,Natalia Ramos,Female
1218,Friederike Repohl,Female
1218,Kaleigh Riehl,Female
1218,Cari Roccaro,Female
1218,Enith Salón,Female
1218,Sandra Starke,Female
1218,Katie Stengel,Female
1218,Tereza Szewieczková,Female
1218,Andrea Tarazona,Female
1218,Ana Tejada,Female
1218,Julie Thibaud,Female
1218,Martha Thomas,Female
1218,Lilla Turányi,Female
1218,Riko Ueki,Female
1218,Paola Ulloa,Female
1218,Barbora Votíková,Female
1218,Dani Weatherholt,Female
1525,Diana Bartovičová,Female
1525,Jen Beattie,Female
1525,Fiamma Benítez,Female
1525,Camryn Biegalski,Female
1525,Celin Bizet,Female
1525,Jassina Blom,Female
1525,Rebecka Blomqvist,Female
1525,Celeste Boureille,Female
1525,Sofia Cantore,Female
1525,Gabrielle Carle,Female
1525,Kerstin Casparij,Female
1525,Mariana Cerro,Female
1525,Allysha Chapman,Female
1525,Laia Codina,Female
1525,Kay-Lee de Sanders,Female
1525,Celina Degen,Female
1525,Ane Elexpuru,Female
1525,Claire Emslie,Female
1525,Vivien Endemann,Female
1525,Mélissa Gomes,Female
1525,Grace Fisk,Female
1525,Gabrielle George,Female
1525,Sarah Gorden,Female
1525,Franziska Harsch,Female
1525,Sam Hiatt,Female
1525,Julia Hickelsberger,Female
1525,Jordyn Huitema,Female
1525,Estelle Johnson,Female
1525,Lou-Ann Joly,Female
1525,Johanna Kaneryd,Female
1525,Léa Khelifi,Female
1525,CeCe Kizer,Female
1525,Landaluze,Female
1525,Margaux Le Mouël,Female
1525,Adriana,Female
1525,Justine Lerond,Female
1525,Li Mengwen,Female
1525,Kethna Louis,Female
1525,Sylwia Matysik,Female
1525,Haley McCutcheon,Female
1525,Falone Meffometou,Female
1525,Jacqueline Meißner,Female
1525,Emily Menges,Female
1525,Yuka Momiki,Female
1525,Olivia Moultrie,Female
1525,Maelys Mpome,Female
1525,Jessica Naz,Female
1525,Nadine Noordam,Female
1525,Selina Ostermeier,Female
1525,Célina Ould Hocine,Female
1525,Ella Palis,Female
1525,Anja Pfluger,Female
1525,Seraina Piubel,Female
1525,Macarena Portales,Female
1525,Julie Rabanne,Female
1525,Katelyn Rowland,Female
1525,Elin Rubensson,Female
1525,Abby Smith,Female
1525,Alice Sombath,Female
1525,Becky Spencer,Female
1525,Jasmyne Spencer,Female
1525,Greta Stegemann,Female
1525,Samantha Steuerwald,Female
1525,Esther Sullastres,Female
1525,Eveliina Summanen,Female
1525,Elisabeth Terland,Female
1525,Lindsey Thomas,Female
1525,Aïssatou Tounkara,Female
1525,Aïssata Traoré,Female
1525,Danielle Turner,Female
1525,Ashleigh Weerden,Female
1525,Jessica Wik,Female
1525,Rachel Williams,Female
1525,Lynn Wilms,Female
1525,Juliane Wirtz,Female
1888,Angelina,Female
1888,Arene Altonaga,Female
1888,Carla Armengol,Female
1888,Jordan Baggett,Female
1888,Jill Baijings,Female
1888,Nicole Barnhart,Female
1888,Inès Benyahia,Female
1888,Klára Cahynová,Female
1888,Mickaëlla Cardia,Female
1888,Marta Carro,Female
1888,Estelle Cascarino,Female
1888,Janice Cayman,Female
1888,Simone Charley,Female
1888,Kyra Cooney-Cross,Female
1888,Deja Davis,Female
1888,María De Alharilla,Female
1888,Léa Declercq,Female
1888,Meggie Dougherty Howard,Female
1888,Gemma Evans,Female
1888,Hélène Fercocq,Female
1888,Charlotte Fernandes,Female
1888,Aïrine Fontaine,Female
1888,Vanessa Fudalla,Female
1888,Patri Gavira,Female
1888,Léna Goetsch,Female
1888,Lina Hausicke,Female
1888,Shelby Hogan,Female
1888,Ceri Holland,Female
1888,Sophie Howard,Female
1888,Emmy Jézéquel,Female
1888,Franziska Kett,Female
1888,Natasha Kowalski,Female
1888,Kaleigh Kurtz,Female
1888,Emilia Larsson,Female
1888,Veronica Latsko,Female
1888,Annelie Leitner,Female
1888,Eva Llamas,Female
1888,Nina Lührßen,Female
1888,Olivie Lukášová,Female
1888,Tyler Lussi,Female
1888,Ramona Maier,Female
1888,Cecilia Marcos,Female
1888,Lara Marti,Female
1888,Tara McKeown,Female
1888,Cassie Miller,Female
1888,Lauren Milliet,Female
1888,Narumi Miura,Female
1888,Hinata Miyazawa,Female
1888,Paige Monaghan,Female
1888,Gift Monday,Female
1888,Linda Motlhalo,Female
1888,Yasmin Mrabet,Female
1888,Carly Nelson,Female
1888,Lena Ostermeier,Female
1888,Marie Petiteau,Female
1888,Brianna Pinto,Female
1888,Madison Pogarch,Female
1888,Gio Garbelini,Female
1888,Megan Reid,Female
1888,Lauri,Female
1888,Quinty Sabajo,Female
1888,Bibi,Female
1888,Kayla Sharples,Female
1888,Nycole Raysla,Female
1888,Kirsty Smith,Female
1888,Bianca St-Georges,Female
1888,Kylie Strom,Female
1888,Maria Thorisdottir,Female
1888,Valedezate,Female
1888,Amalie Vangsgaard,Female
1888,Justine Vanhaevermaet,Female
1888,Ally Watt,Female
1888,Ryan Williams,Female
1888,Pia-Sophie Wolter,Female
1888,McCall Zerboni,Female
1888,Maite Zubieta,Female
2318,Kerry Abello,Female
2318,Marie-Yasmine Alidou,Female
2318,Andrea Álvarez,Female
2318,Bernadette Amani,Female
2318,Amira Arfaoui,Female
2318,Dorian Bailey,Female
2318,Maike Berentzen,Female
2318,Croix Bethune,Female
2318,Michelle Betos,Female
2318,Gemma Bonner,Female
2318,Michaela Brandenburg,Female
2318,Belle Briede,Female
2318,Courtney Brosnan,Female
2318,Jody Brown,Female
2318,Laurie Cance,Female
2318,Cindy Caputo,Female
2318,Lice Chamorro,Female
2318,Kenza Chapelle,Female
2318,Remina Chiba,Female
2318,Silke Demeyere,Female
2318,Mariam Diakité,Female
2318,Pauleta,Female
2318,Lisa Doorn,Female
2318,Imani Dorsey,Female
2318,Salomé Elisor,Female
2318,Estella,Female
2318,Bayley Feist,Female
2318,Megan Finnigan,Female
2318,Paula Flach,Female
2318,Melissa Friedrich,Female
2318,Vanessa Fürst,Female
2318,Débora,Female
2318,Violeta Quiles,Female
2318,Ryan Gareis,Female
2318,Luca Graf,Female
2318,Lisanne Gräwe,Female
2318,Alicia-Sophie Gudorf,Female
2318,Madison Haley,Female
2318,Sophie Román Haug,Female
2318,Janina Hechler,Female
2318,Karen Holmgaard,Female
2318,Natalie Jacobs,Female
2318,Celia,Female
2318,Grace Kazadi,Female
2318,Missy Bo Kearns,Female
2318,Tziarra King,Female
2318,Lize Kop,Female
2318,Eva Kouache,Female
2318,Tereza Krejčiříková,Female
2318,Anissa Lahmari,Female
2318,Hayley Lauder,Female
2318,Carrie Lawrence,Female
2318,Lee Young Ju,Female
2318,Vanessa Leimenstoll,Female
2318,Janina Leitzig,Female
2318,Romée Leuchter,Female
2318,María Llompart,Female
2318,Joanne Love,Female
2318,Sofia Manner,Female
2318,Héloïse Mansuy,Female
2318,Nealy Martin,Female
2318,Asun Martínez,Female
2318,Tegan McGrady,Female
2318,Addisyn Merrick,Female
2318,Ari Mingueza,Female
2318,Megan Montefusco,Female
2318,Esme Morgan,Female
2318,Koko Ange N'Guessan,Female
2318,Fuka Nagano,Female
2318,Monique Ngock,Female
2318,Andreia Norton,Female
2318,Irene Oguiza,Female
2318,Jacqueline Owusu,Female
2318,Anna Patten,Female
2318,Courtney Petersen,Female
2318,Emma Ramírez,Female
2318,Noelia Ramos,Female
2318,Brittany Ratcliffe,Female
2318,Kerlly Real,Female
2318,Louna Ribadeira,Female
2318,Diana Gomes,Female
2318,Nadine Riesen,Female
2318,Katie Robinson,Female
2318,Madeline Roth,Female
2318,Thiniba Samoura,Female
2318,Pauleta Sancho,Female
2318,Andrea Sierra,Female
2318,Catarina Amado,Female
2318,Lúcia Alves,Female
2318,Meredith Speck,Female
2318,Drew Spence,Female
2318,Nikki Stanton,Female
2318,Beke Sterner,Female
2318,Ella Stevens,Female
2318,Zoé Stiévenart,Female
2318,Fatima Tagnaout,Female
2318,Inês Pereira,Female
2318,Alyssa Thompson,Female
2318,Sanne Troelsgaard,Female
2318,Michelle Ulbrich,Female
2318,Itxaso,Female
2318,Irina Uribe,Female
2318,Olivia Van der Jagt,Female
2318,Daphne van Domselaar,Female
2318,Michele Vasconcelos,Female
2318,Katrine Veje,Female
2318,Bruna,Female
2318,Cortnee Vine,Female
2318,Sophia Winkler,Female
2318,Lily Woodham,Female
2318,Julia Zigiotti,Female
2882,Mara Alber,Female
2882,Asmita Ale,Female
2882,Ainhoa Alguacil,Female
2882,Ary Borges,Female
2882,Lydia Andrade,Female
2882,Paula Arana,Female
2882,Eider Arana,Female
2882,Guðrún Arnardóttir,Female
2882,Merle Barth,Female
2882,Bea Beltrán,Female
2882,Malia Berkely,Female
2882,Julia Bianchi,Female
2882,Alena Bienz,Female
2882,Cyrielle Blanc,Female
2882,Laura Blindkilde Brown,Female
2882,Lou Bogaert,Female
2882,Emilie Bragstad,Female
2882,Fiona Brown,Female
2882,Phoenetia Browne,Female
2882,Rute Costa,Female
2882,Raiderlín Carrasco,Female
2882,Ava Cook,Female
2882,Maureen Cosson,Female
2882,Thais Ferreira,Female
2882,Leles Carrión,Female
2882,Kate Del Fava,Female
2882,Agathe Donnary,Female
2882,Julie Doyle,Female
2882,Laureta Elmazi,Female
2882,Romane Enguehard,Female
2882,Thelma Eninger,Female
2882,Niamh Fahey,Female
2882,Jana,Female
2882,Mia Fishel,Female
2882,Ana Franco,Female
2882,Naima García,Female
2882,Sonia Majarín,Female
2882,Christy Gavory,Female
2882,Chasity Grant,Female
2882,Malgorzata Grec,Female
2882,Svava Rós Gudmundsdóttir,Female
2882,Sofia Guellati,Female
2882,Maika Hamano,Female
2882,Tuva Hansen,Female
2882,Uchenna Kanu,Female
2882,Isa Kardinaal,Female
2882,Sarah Kassi,Female
2882,Justine Kielland,Female
2882,Leanne Kiernan,Female
2882,Kaja Korošec,Female
2882,Alexandria Lamontagne,Female
2882,Rose Lavaud,Female
2882,Rachael Laws,Female
2882,Fiona Liaigre,Female
2882,Lisa Lichtfus,Female
2882,Alexis Loera,Female
2882,Vicky López,Female
2882,Ainhoa Marín,Female
2882,Morgane Martins,Female
2882,Andreia Faria,Female
2882,Saskia Matheis,Female
2882,Jasmine Matthews,Female
2882,Kayla McKenna,Female
2882,Naomi Mégroz,Female
2882,Teresa Mérida,Female
2882,Teagan Micah,Female
2882,María Miralles,Female
2882,María Molina,Female
2882,Anna Moorhouse,Female
2882,Shannon O'Brien,Female
2882,Patri Ojeda,Female
2882,Ria Öling,Female
2882,Freja Siri Olofsson,Female
2882,Jasmin Pal,Female
2882,Lucía Pardo,Female
2882,Lucy Parker,Female
2882,Catalina Pérez,Female
2882,Xènia Pérez,Female
2882,Cindy Perrault,Female
2882,Alayah Pilgrim,Female
2882,Katharina Piljić,Female
2882,Viktoria Pinther,Female
2882,Esperanza Pizarro,Female
2882,Julia Pollak,Female
2882,Mariasun Quiñones,Female
2882,Nina Räcke,Female
2882,Nina Richard,Female
2882,Andrea Falcón,Female
2882,Olatz Santana,Female
2882,Bruninha,Female
2882,Izarne Sarasola,Female
2882,Jasmin Sehan,Female
2882,Jaedyn Shaw,Female
2882,Marie-Morgane Sieber,Female
2882,Caroline Siems,Female
2882,Teninsoun Sissoko,Female
2882,Lucy Staniforth,Female
2882,Julia Stierli,Female
2882,Eva Sumo,Female
2882,Katriina Talaslahti,Female
2882,Meriame Terchoun,Female
2882,Sam Tierney,Female
2882,Marta Unzué,Female
2882,Martyna Wiankowska,Female
2882,Verena Wieder,Female
2882,Wu Chengshu,Female
3521,Adriana Achcińska,Female
3521,Olga Ahtinen,Female
3521,Amirah Ali,Female
3521,Carla Andrés,Female
3521,Romy Baraniak,Female
3521,Emma Berglund,Female
3521,Luca-Emily Birkholz,Female
3521,Jordyn Bloomer,Female
3521,Anneke Borbe,Female
3521,Simona Botero,Female
3521,Marisa Bova,Female
3521,Millene Cabral,Female
3521,Tiffany Cameron,Female
3521,Laura Camino,Female
3521,Eileen Campbell,Female
3521,Noémie Carage,Female
3521,Sandra Castelló,Female
3521,Ghizlane Chebbak,Female
3521,Jennifer Cramer,Female
3521,Sana Daoudi,Female
3521,Claudia Dickey,Female
3521,Rieke Dieckmann,Female
3521,Leela Egli,Female
3521,Estela Férnandez,Female
3521,Vanessa Fischer,Female
3521,Claudia Florentino,Female
3521,Mandy Freeman,Female
3521,Anna Gasper,Female
3521,Anna Gerhardt,Female
3521,Felicity Gibbons,Female
3521,Sarah Griffith,Female
3521,Noreen Günnewig,Female
3521,Hensley Hancuff,Female
3521,Synne Skinnes Hansen,Female
3521,Emma Harries,Female
3521,Amanda Haught,Female
3521,Anna Heilferty,Female
3521,Anita Hernández,Female
3521,Elvira Herzog,Female
3521,Taylor Hinds,Female
3521,Jenny Hipp,Female
3521,Sara Ito,Female
3521,Laurel Ivory,Female
3521,Julie Jorde,Female
3521,Annie Karich,Female
3521,Julia Kassen,Female
3521,Sari Kees,Female
3521,Rebecca Knaak,Female
3521,Dominika Kopińska,Female
3521,Cornelia Kramer,Female
3521,Kathrine Kühl,Female
3521,Camilla Küver,Female
3521,Bárbara Latorre,Female
3521,Anaële Le Moguédec,Female
3521,Anna Leat,Female
3521,Julia Lester,Female
3521,Cristina Librán,Female
3521,Sandy MacIver,Female
3521,Rikke Madsen,Female
3521,Tuana Mahmoud,Female
3521,Carol Marín,Female
3521,Esther Mbakem-Niaro,Female
3521,Shen Menglu,Female
3521,Paige Metayer,Female
3521,Yerliane Moreno,Female
3521,Angel Mukasa,Female
3521,Marlene Müller,Female
3521,Diána Németh,Female
3521,Hanna Németh,Female
3521,Hayley Nolan,Female
3521,Lena Nuding,Female
3521,Amira Ould Braham,Female
3521,Poppy Pattinson,Female
3521,Lea Paulick,Female
3521,Alison Peniguel,Female
3521,Laura Pérez,Female
3521,Victoria Pickett,Female
3521,Annalena Rieke,Female
3521,Jayde Riviere,Female
3521,Clau Blanco,Female
3521,Sydney Schneider,Female
3521,Kiko Seike,Female
3521,Allyson Sentnor,Female
3521,Delanie Sheehan,Female
3521,Havana Solaun,Female
3521,Maja Sternad,Female
3521,Momoko Tanikawa,Female
3521,Anna Torrodà,Female
3521,Christy Ucheibe,Female
3521,Elba Vergés,Female
3521,Selina Vobian,Female
3521,Ricarda Walkling,Female
3521,Mallory Weber,Female
3521,Laura Wienroither,Female
3521,Kirsten Wright,Female
3521,Dóra Zeller,Female
3521,Cora Zicai,Female
4260,Latifah Abdu,Female
4260,Michelle Alozie,Female
4260,Joelle Anderson,Female
4260,Chloë Arthur,Female
4260,Halimatu Ayinde,Female
4260,Stine Ballisager,Female
4260,Peke,Female
4260,Faustine Bataillard,Female
4260,Cristina Baudet,Female
4260,Morgane Belkhiter,Female
4260,Elyse Bennett,Female
4260,Noemi Benz,Female
4260,Guro Bergsvand,Female
4260,Hannah Betfort,Female
4260,Maureen Bigot,Female
4260,Jenna Bike,Female
4260,Jorelyn Carabalí,Female
4260,Estela Carbonell,Female
4260,Kyra Carusa,Female
4260,Marta Cazalla,Female
4260,Solène Champagnac,Female
4260,Grace Clinton,Female
4260,Mikayla Cluff,Female
4260,Lotta Cordes,Female
4260,Chardonnay Curran,Female
4260,Yana Daniëls,Female
4260,Julia Debitzki,Female
4260,Vanessa Diehm,Female
4260,Laís Araújo,Female
4260,Kim Dubs,Female
4260,Gemma Font,Female
4260,Maryne Gignoux,Female
4260,Pamela González,Female
4260,Charlotte Grant,Female
4260,Hal Hershfelt,Female
4260,Marie Höbinger,Female
4260,Lucy Hope,Female
4260,Bicho,Female
4260,Angharad James-Turner,Female
4260,Sarah Jankovska,Female
4260,Bente Jansen,Female
4260,Emma Jansson,Female
4260,Katie Johnson,Female
4260,Mathilde Kack,Female
4260,Mai Kadowaki,Female
4260,Kanteh,Female
4260,Sam Kerr,Female
4260,Karolína Křivská,Female
4260,Valentina Kröll,Female
4260,Laura Lindner,Female
4260,Marit Bratberg Lund,Female
4260,Malou Marcetto,Female
4260,Andrea Marrero,Female
4260,Phoebe McClernon,Female
4260,Wifi,Female
4260,Raquel Morcillo,Female
4260,Lisa Fjeldstad Naalsund,Female
4260,Lily Nabet,Female
4260,Colette Ndzana,Female
4260,Jenna Nighswonger,Female
4260,Agathe Ollivier,Female
4260,Sara Ortega,Female
4260,Heather Payne,Female
4260,Pisco,Female
4260,María Pérez,Female
4260,Elli Pikkujämsä,Female
4260,Alice Pinguet,Female
4260,Allegra Poljak,Female
4260,Gabby Provenzano,Female
4260,Berta Pujadas,Female
4260,Jade Rastocle,Female
4260,Alicia Redondo,Female
4260,Maïwen Renard,Female
4260,Rhiannon Roberts,Female
4260,Izzy Rodriguez,Female
4260,Romane Salvador,Female
4260,Erika Santoro,Female
4260,Annabel Schasching,Female
4260,Lara Schmidt,Female
4260,Viktoria Schwalm,Female
4260,Gabriela Šlajsová,Female
4260,Gema Soliveres,Female
4260,Kysha Sylla,Female
4260,Katelin Talbert,Female
4260,Chloé Tapia,Female
4260,Taryn Torres,Female
4260,Élisabeth Tsé,Female
4260,Mirari Uria,Female
4260,Roos van der Veen,Female
4260,Dionne van der Wal,Female
4260,Rosa van Gool,Female
4260,Soraya Verhoeve,Female
4260,Ornella Vignola,Female
4260,Viviana Villacorta,Female
4260,Laura Vogt,Female
4260,Clare Wheeler,Female
4260,Reena Wichmann,Female
4260,Kate Wiesner,Female
5037,Anna Aehling,Female
5037,Yolanda Aguirre,Female
5037,Aline Allmann,Female
5037,Angelina Anderson,Female
5037,Hanna Andersson,Female
5037,Arola Aparicio,Female
5037,Kat Asman,Female
5037,Lorena Azzaro,Female
5037,Laia Ballesté,Female
5037,Hillary Beall,Female
5037,Agnes Beever-Jones,Female
5037,Tess Boade,Female
5037,CJ Bott,Female
5037,Barbara Brecht,Female
5037,Chiara Bücher,Female
5037,Emily Burns,Female
5037,Zoe Burns,Female
5037,Diane Caldwell,Female
5037,Daniela Caracas,Female
5037,Marta Carrasco,Female
5037,Ivonne Chacón,Female
5037,Michaela Croatto,Female
5037,Cristina Cubedo,Female
5037,Féli Delacauw,Female
5037,Petra Divišová,Female
5037,Laura Donhauser,Female
5037,Tarciane,Female
5037,Elizabeth Eddy,Female
5037,Ane Etxezarreta,Female
5037,Carol Férez,Female
5037,Kayla Fischer,Female
5037,Dana Foederer,Female
5037,Megan Foley,Female
5037,Mairead Fulton,Female
5037,Kelly Gago,Female
5037,Parker Goins,Female
5037,Lisa Gora,Female
5037,Kit Graham,Female
5037,Alisa Grincenco,Female
5037,Anja Heuschkel,Female
5037,Fanny Hoarau,Female
5037,Penelope Hocking,Female
5037,Haley Hopkins,Female
5037,Elise Hughes,Female
5037,Claire Hutton,Female
5037,Jill Janssens,Female
5037,Klaudia Jedlińska,Female
5037,Merza Julević,Female
5037,Fenna Kalma,Female
5037,Frederike Kempe,Female
5037,Victoria Krug,Female
5037,Irena Kuznezov,Female
5037,Janou Levels,Female
5037,Nana,Female
5037,Valentina Limani,Female
5037,Brenna Lovera,Female
5037,Alyssa Malonson,Female
5037,Marina Martí,Female
5037,Natalia Montilla,Female
5037,Noémie Mouchon,Female
5037,Larissa Mühlhaus,Female
5037,Chloé N'Gazi,Female
5037,Jade Nassi,Female
5037,Morgane Nicoli,Female
5037,Agnes Nyberg,Female
5037,Isabella Obaze,Female
5037,Luca Papp,Female
5037,Lena Pauels,Female
5037,Nicole Payne,Female
5037,Livia Peng,Female
5037,Mari José,Female
5037,Océane Picard,Female
5037,Lysianne Proulx,Female
5037,Jutta Rantala,Female
5037,Reyna Reyes,Female
5037,Nelly Rodrigues,Female
5037,Emily Sams,Female
5037,Josefine Schaller,Female
5037,Amelie Schuster,Female
5037,Emma Sears,Female
5037,Noa Selimhodzic,Female
5037,Molly-Mae Sharpe,Female
5037,Marissa Sheva,Female
5037,Olivia Smith,Female
5037,Dejana Stefanović,Female
5037,Elise Isolde Stenevik,Female
5037,Nia Szenk,Female
5037,Frankie Tagliaferri,Female
5037,Jette Ter Horst,Female
5037,Frederikke Thøgersen,Female
5037,Cameron Tucker,Female
5037,Amber Tysiak,Female
5037,Manon Uffren,Female
5037,Mary Alice Vignola,Female
5037,Wang Yanwen,Female
5037,Sophie Weidauer,Female
5037,Ellie Wheeler,Female
5037,Katja Wienerroither,Female
5037,Shae Yáñez,Female
5037,Aleksandra Zaremba,Female
5037,Sofie Zdebel,Female
5037,Taylor Ziemer,Female
5902,Dilara Acikgöz,Female
5902,Rebecca Adamczyk,Female
5902,Maria Almasri,Female
5902,Nahia Aparicio,Female
5902,Daniela Arques,Female
5902,Olivia Athens,Female
5902,Izzy Atkinson,Female
5902,Elexa Bahr,Female
5902,Eve Boettcher,Female
5902,Courtney Brown,Female
5902,Ryanne Brown,Female
5902,Antonia Canales,Female
5902,Sydney Collins,Female
5902,Michelle Cooper,Female
5902,McKinley Crone,Female
5902,Eartha Cumings,Female
5902,Madison Curry,Female
5902,Chandra Davidson,Female
5902,Ana De Teresa,Female
5902,Marlene Deyss,Female
5902,Laura Dick,Female
5902,Eva Dios,Female
5902,Chancelle Effa Effa,Female
5902,Sandra Estévez,Female
5902,Gara,Female
5902,Lisa Forrest,Female
5902,Éva Fremaux,Female
5902,Raquel García,Female
5902,Noemi Gentile,Female
5902,Nádia Gomes,Female
5902,Kornelia Grosicka,Female
5902,Edna Imade,Female
5902,Ellie Jean,Female
5902,Nelly Juckel,Female
5902,Lisann Kaut,Female
5902,Milicia Keijzer,Female
5902,Felicitas Fee Kockmann,Female
5902,Inès Konan,Female
5902,Civana Kuhlmann,Female
5902,Julia Landenberger,Female
5902,Ally Lemos,Female
5902,Pia Lucassen,Female
5902,Julia Magerl,Female
5902,Taylor Malham,Female
5902,Aoife Mannion,Female
5902,Esther Martin-Pozuelo,Female
5902,Laura Martínez,Female
5902,Lucia Martínez,Female
5902,Amanda Mbadi,Female
5902,Hannah Mesch,Female
5902,Paula Monteagudo,Female
5902,Júlia Mora,Female
5902,Juliette Mossard,Female
5902,Henar Muiña,Female
5902,Gwen Mummert,Female
5902,Lorena Navarro,Female
5902,Marjolen Nekesa Wafula,Female
5902,Leilanni Nesbeth,Female
5902,Nina Ngueleu,Female
5902,Danique Noordman,Female
5902,Léa Notel,Female
5902,Marisa Olislagers,Female
5902,Bárbara Olivieri,Female
5902,Judit Pablos,Female
5902,Leïla Peneau,Female
5902,Paula Perea,Female
5902,Kiki Pickett,Female
5902,Emily Ramsey,Female
5902,Cristina Roque,Female
5902,María Ruiz,Female
5902,Olivia Sekany,Female
5902,Lena Silano,Female
5902,Jordan Silkowitz,Female
5902,Leandra Smeda,Female
5902,Anna-Lena Stolze,Female
5902,Martina Šurnovská,Female
5902,Saori Takarada,Female
5902,Ena Taslidža,Female
5902,Gisele Thompson,Female
5902,Kaitlyn Torpey,Female
5902,Mar Torras,Female
5902,Eva van Deursen,Female
5902,Samantha van Diemen,Female
5902,Kiki Van Zanten,Female
5902,Denisa Veselá,Female
5902,Lina Vianden,Female
5902,Sandra Villafañe,Female
5902,Claire Walsh,Female
5902,Carlotta Wamser,Female
5902,Charlotte Wardlaw,Female
5902,Chloe Warrington,Female
5902,Michelle Weiß,Female
5902,Anna Wellmann,Female
5902,Johanna Wende,Female
5902,Olivia Wingate,Female
5902,Mackenzie Wood,Female
5902,Jessica Ziu,Female
6884,Ilayda Acikgöz,Female
6884,Júlia Aguado,Female
6884,Ona Baradad,Female
6884,Paulina Bartz,Female
6884,Chiara Beccari,Female
6884,Anna Marika Bergman-Lundin,Female
6884,Josephine Bonsu,Female
6884,Messiah Bright,Female
6884,Carla Camacho,Female
6884,Ainoa,Female
6884,Ane Campos,Female
6884,Ally Cook,Female
6884,Giulia Dragoni,Female
6884,Cori Dyke,Female
6884,Rebecca Elloh,Female
6884,Roseline Éloissaint,Female
6884,Annika Enderle,Female
6884,Wilma Forsblom,Female
6884,Bea Franklin,Female
6884,Macey Fraser,Female
6884,Maya Hahn,Female
6884,Vanessa Haim,Female
6884,Anni Hartikainen,Female
6884,Patrícia Hmírová,Female
6884,Mégane Hoeltzel,Female
6884,Sarah Hunter,Female
6884,Carlotta Imping,Female
6884,Riley Jackson,Female
6884,Mya Jones,Female
6884,Jameese Joseph,Female
6884,Kristína Košíková,Female
6884,Lauren Kozal,Female
6884,Caroline Krawczyk,Female
6884,Patricia Larqué,Female
6884,Manon Le Page,Female
6884,Payton Linnehan,Female
6884,Emma Loving,Female
6884,Sofie Lundgaard,Female
6884,Princess Marfo,Female
6884,Inès Marques,Female
6884,Brianna Martinez,Female
6884,Charlotte McLean,Female
6884,Morgan Messner,Female
6884,Melween N'Dongala,Female
6884,Sophie Nachtigall,Female
6884,Chloé Neller,Female
6884,Natalia Padilla Bidas,Female
6884,Cristina Postigo,Female
6884,Lilli Purtscheller,Female
6884,Gabrielle Robinson,Female
6884,Charlize Rule,Female
6884,Marleen Schimmer,Female
6884,Ally Schlegel,Female
6884,Maëlle Seguin,Female
6884,Kim Sindermann,Female
6884,Regan Steigleder,Female
6884,Mikaela Stojanovska,Female
6884,Maisie Symonds,Female
6884,Anna Terestyényi,Female
6884,Amy Turner,Female
6884,Naomie Vagre,Female
6884,Margaux Vairon,Female
6884,Lina von Schrader,Female
7937,Amanda Allen,Female
7937,Lina Altenburg,Female
7937,Carmen Álvarez,Female
7937,Hannah Anderson,Female
7937,Ari Arias,Female
7937,Evelyn Badu,Female
7937,Amandine Béché,Female
7937,Amelie Bohnen,Female
7937,Lyza Bosselmann,Female
7937,Luana Bürge,Female
7937,Dorine Nina Chuigoué,Female
7937,Jenna Clark,Female
7937,Izzy D'Aquila,Female
7937,Amira Dahl,Female
7937,Daliyah De Klonia,Female
7937,Mariella El Sherif,Female
7937,Sami Feller,Female
7937,Bente Fischer,Female
7937,Jorja Fox,Female
7937,Emma Francart,Female
7937,Núria Garrote,Female
7937,Yohana Gómez,Female
7937,Andrea Gómez,Female
7937,Júlia Guerra,Female
7937,Chiara Hahn,Female
7937,Disa Hellwig,Female
7937,Heather Hinz,Female
7937,Sophie Hirst,Female
7937,Sara Holmgaard,Female
7937,Paula Hoppe,Female
7937,Wieke Kaptein,Female
7937,Alex Kerr,Female
7937,Savy King,Female
7937,Sanja Kovačević,Female
7937,Francisca Lara,Female
7937,Katie Lockwood,Female
7937,Bárbara López,Female
7937,Flavia Lüscher,Female
7937,Anna Margraf,Female
7937,Manaka Matsukubo,Female
7937,Mallie McKenzie,Female
7937,Erin McKinney,Female
7937,Maddie Mercado,Female
7937,Adrijana Mori,Female
7937,Amy Muir,Female
7937,Lois Niënhuis,Female
7937,Emőke Pápai,Female
7937,Maia Perez,Female
7937,Maddie Pokorny,Female
7937,Laura Pucks,Female
7937,Pernille Sanvig,Female
7937,Croix Soto,Female
7937,Heather Stainbrook,Female
7937,Hannah Stambaugh,Female
7937,Viktória Szabó,Female
7937,Danique Tolhoek,Female
7937,Imane Touriss,Female
7937,Naroa,Female
7937,Jonna van de Velde,Female
7937,Jella Veit,Female
7937,Paula Vizoso,Female
7937,Olivia Wade-Katoa,Female
7937,Kennedy Wesley,Female
7937,Amanda West,Female
7937,Nicole Woldmann,Female
7937,Summer Yates,Female
7937,Patri Zugasti,Female
9009,Emeri Adames,Female
9009,Amy Anderson,Female
9009,Brooke Aspin,Female
9009,Alina Axtmann,Female
9009,Sophie Baggaley,Female
9009,Jette Behrens,Female
9009,Sofia Cava Marin,Female
9009,Shannon Cooke,Female
9009,Ana Dias,Female
9009,Jo-Anne Cronquist,Female
9009,Ángeles,Female
9009,Anouk Denton,Female
9009,Cheza,Female
9009,Martina Fernández,Female
9009,Noelia Gil,Female
9009,Ana María Guzmán,Female
9009,Jyllissa Harris,Female
9009,Shae Holmes,Female
9009,Monika Ibishaj,Female
9009,Toma Ihlenburg,Female
9009,Jasmin Janning,Female
9009,Emely Joester,Female
9009,Nicole Kozlova,Female
9009,Esther Laborde,Female
9009,Abbie Larkin,Female
9009,Danielle Marcano,Female
9009,Courtney Nevin,Female
9009,Nicole Ojukwu,Female
9009,Karoline Olesen,Female
9009,Alba Pérez,Female
9009,Noel Rammie,Female
9009,Marina Rivas,Female
9009,Mia Schmid,Female
9009,Lilith Schmidt,Female
9009,Kimberley Smit,Female
9009,Iris Stiekema,Female
9009,Chinaza Uchendu,Female
9009,María Valle,Female
9009,Regina van Eijk,Female
9009,Emily Whelan,Female
9009,Lily Yohannes,Female
10108,Hildur Antonsdóttir,Female
10108,Libby Bance,Female
10108,Hannah Cain,Female
10108,Beatriz Cameirão,Female
10108,Alessia Capelletti,Female
10108,Mia Enderby,Female
10108,Kennedy Fuller,Female
10108,Fiona Gaisser,Female
10108,Laura Kiontke,Female
10108,Sophia Martin,Female
10108,Landy Mertz,Female
10108,Julia Mickenhagen,Female
10108,Tamara Morávková,Female
10108,Makenna Morris,Female
10108,Emily Orman,Female
10108,Malena Ortiz,Female
10108,Samara Ortiz,Female
10108,Wassilah Pacaud,Female
10108,Clara Rodríguez,Female
10108,Alara Sehitler,Female
10108,Bea Sprung,Female
10108,Miriaél Taylor,Female
10108,Kate Taylor,Female
10108,Annaëlle Tchakounté,Female
10108,Manssita Traoré,Female
10108,Matilda Vinberg,Female
10108,Clara Wibaut,Female
10108,Natalia Wróbel,Female
10108,Yasmine Zouhir,Female
11203,Emma Bissell,Female
11203,Milly Clegg,Female
11203,Emily Dolan,Female
11203,Noelia García,Female
11203,Halle Houssein,Female
11203,Sofia Määttä,Female
11203,Ruby Mace,Female
11203,Nazareth Martin,Female
11203,Molly McLaughlin,Female
11203,Avery Patterson,Female
11203,Paulina Platner,Female
11203,Kristýna Růžičková,Female
11203,Marie Steiner,Female
11203,Lucy Watson,Female
11203,Luise Wildner,Female
12239,Oriana Altuve,Female
12239,Emilie Bernhardt,Female
12239,Aude Bizet,Female
12239,Delice Boboy,Female
12239,Judith Coquet,Female
12239,Evelina Duljan,Female
12239,Tara Elimbi Gilbert,Female
12239,Lauren Flynn,Female
12239,Missy Goodwin,Female
12239,Paula Gutiérrez,Female
12239,María Jiménez,Female
12239,Sophie Jones,Female
12239,Hannah Lehmann,Female
12239,Estrella Merino Gonzalez,Female
12239,Josefine Osigus,Female
12239,Paula Partido,Female
12239,Leire Peña,Female
12239,Casey Phair,Female
12239,Laura Prieur,Female
12239,Andrea Romero,Female
12239,Sanadri,Female
12239,Carlota Sánchez,Female
12239,Katie Startup,Female
12239,Lucía Vallejo,Female
12239,Elene Viles,Female
13135,Madison Ayson,Female
13135,Loreen Bender,Female
13135,Cerys Brown,Female
13135,Ainhoa Bascuñán,Female
13135,Olivia Griffitts,Female
13135,Lotte Keukelaar,Female
13135,Melina Loeck,Female
13135,Melissa Lowder,Female
13135,Amaia Martínez,Female
13135,Georgia Mullett,Female
13135,Andrea Recio,Female
13135,Chloe Ricketts,Female
13135,Eva Schatzer,Female
13135,Maj Schneider,Female
13135,Jalysa Stechemesser,Female
13955,Isa Álvarez,Female
13955,Féerine Belhadj,Female
13955,Léa Bourgain,Female
13955,Asia Bragonzi,Female
13955,Nerea Carmona,Female
13955,Laura Coronado,Female
13955,Núria Escoms,Female
13955,Maria Gabaldón,Female
13955,Pilar Garrote,Female
13955,Faye Kirby,Female
13955,Maddie Moreau,Female
13955,Ayaka Noguchi,Female
13955,Evie Rabjohn,Female
13955,Melina Reuter,Female
13955,Emma Watson,Female
14644,Julia Bartel,Female
14644,Annabel Blanchard,Female
14644,Belén de Gracia,Female
14644,Olaya Rodríguez,Female
14644,Laia García,Female
14644,Lola Gstalter,Female
14644,Liana Joseph,Female
14644,Emma Lattus,Female
14644,Sara López,Female
14644,Alice Marques,Female
14644,Mélinda Mendy,Female
14644,Maeline Mendy,Female
14644,Brecken Mozingo,Female
14644,Lara Martins,Female
14644,Lucy Parry,Female
14644,Emilia Pelgander,Female
14644,Elsa Pelgander,Female
14644,Olga San Nicolás,Female
14644,Mar Segarra,Female
14644,Kyra Spitzner,Female
14644,Haizea Uranga,Female
14644,Kenzie Weir,Female
15274,Emmie Allen,Female
15274,Lucía Corrales,Female
15274,Maya Doms,Female
15274,Alizée Flagellat,Female
15274,Freya Godfrey,Female
15274,Safia Middleton-Patel,Female
15274,Anne Moll,Female
15274,Lucía Ramos,Female
15274,Wassa Sangare,Female
15274,Jamie Shepherd,Female
15274,Jessica Simpson,Female
15274,Zoe Werner,Female
15274,Mia Werner,Female
15758,Jordan Brewster,Female
15758,Carmen Carballada,Female
15758,Caroline Conti,Female
15758,Aimee Everett,Female
15758,Shanade Hopcroft,Female
15758,Tara O'Hanlon,Female
15758,Alba Ruiz,Female
15758,Hannah Silcock,Female
16153,Nati Cano,Female
16153,Aina Duran,Female
16153,Lenna Gunning-Williams,Female
16153,Eleanor Heeps,Female
16153,Lidia Sánchez,Female
16153,Naomi Williams,Female
16470,Lucie Bendová,Female
16470,Lena Dahms,Female
16470,Melina Kunkel,Female
16470,Nora Sarriegi,Female
16470,Isabella Sibley,Female
16743,Carla Julià,Female
16962,Lucie Kroupová,Female
16962,Borbála Vincze,Female
17146,Alba Cerrato,Female
17146,Araya Dennis,Female
17146,Alexia Férnandez,Female
17146,Aleigh Gambone,Female
17146,Joy Lysser,Female
17146,Kateřina Vithová,Female